1,1,,,1,C1^1,P 1,P 1,P 1,,P,1,1,1,,1,,,,,
2,1,,,2,Ci^1,-P 1,P -1,P -1,,P,-1,1,1,,-1,,1,,1,
3,1,b,,3,C2^1,P 2y,P 2 = P 1 2 1,P 1 2 1,b,P,1,2,1,,1,,2,,1,
4,2,c,,3,C2^1,P 2,P 2 = P 1 1 2,P 1 1 2,c,P,1,1,2,,1,,1,,2,
5,3,a,,3,C2^1,P 2x,P 2 = P 2 1 1,P 2 1 1,a,P,2,1,1,,2,,1,,1,
6,1,b,,4,C2^2,P 2yb,P 2_1 = P 1 2_1 1,P 1 2_1 1,b,P,1,2s1,1,,1,,2s1,,1,
7,2,c,,4,C2^2,P 2c,P 2_1 = P 1 1 2_1,P 1 1 2_1,c,P,1,1,2s1,,1,,1,,2s1,
8,3,a,,4,C2^2,P 2xa,P 2_1 = P 2_1 1 1,P 2_1 1 1,a,P,2s1,1,1,,2s1,,1,,1,
9,1,b1,,5,C2^3,C 2y,C 2 = C 1 2 1,C 1 2 1,b,C,1,2,1,,1,,2,,1,
10,2,b2,,5,C2^3,A 2y,C 2 = A 1 2 1,A 1 2 1,b,A,1,2,1,,1,,2,,1,
11,3,b3,,5,C2^3,I 2y,C 2 = I 1 2 1,I 1 2 1,b,I,1,2,1,,1,,2,,1,
12,4,c1,,5,C2^3,A 2,C 2 = A 1 1 2,A 1 1 2,c,A,1,1,2,,1,,1,,2,
13,5,c2,,5,C2^3,B 2,C 2 = B 1 1 2 = B 2,B 1 1 2,c,B,1,1,2,,1,,1,,2,
14,6,c3,,5,C2^3,I 2,C 2 = I 1 1 2,I 1 1 2,c,I,1,1,2,,1,,1,,2,
15,7,a1,,5,C2^3,B 2x,C 2 = B 2 1 1,B 2 1 1,a,B,2,1,1,,2,,1,,1,
16,8,a2,,5,C2^3,C 2x,C 2 = C 2 1 1,C 2 1 1,a,C,2,1,1,,2,,1,,1,
17,9,a3,,5,C2^3,I 2x,C 2 = I 2 1 1,I 2 1 1,a,I,2,1,1,,2,,1,,1,
18,1,b,,6,Cs^1,P -2y,P m = P 1 m 1,P 1 m 1,b,P,1,m,1,,1,,,m,1,
19,2,c,,6,Cs^1,P -2,P m = P 1 1 m,P 1 1 m,c,P,1,1,m,,1,,1,,,m
20,3,a,,6,Cs^1,P -2x,P m = P m 1 1,P m 1 1,a,P,m,1,1,,,m,1,,1,
21,1,b1,,7,Cs^2,P -2yc,P c = P 1 c 1,P 1 c 1,b,P,1,c,1,,1,,,c,1,
22,2,b2,,7,Cs^2,P -2yac,P c = P 1 n 1,P 1 n 1,b,P,1,n,1,,1,,,n,1,
23,3,b3,,7,Cs^2,P -2ya,P c = P 1 a 1,P 1 a 1,b,P,1,a,1,,1,,,a,1,
24,4,c1,,7,Cs^2,P -2a,P c = P 1 1 a,P 1 1 a,c,P,1,1,a,,1,,1,,,a
25,5,c2,,7,Cs^2,P -2ab,P c = P 1 1 n,P 1 1 n,c,P,1,1,n,,1,,1,,,n
26,6,c3,,7,Cs^2,P -2b,P c = P 1 1 b = P b,P 1 1 b,c,P,1,1,b,,1,,1,,,b
27,7,a1,,7,Cs^2,P -2xb,P c = P b 1 1,P b 1 1,a,P,b,1,1,,,b,1,,1,
28,8,a2,,7,Cs^2,P -2xbc,P c = P n 1 1,P n 1 1,a,P,n,1,1,,,n,1,,1,
29,9,a3,,7,Cs^2,P -2xc,P c = P c 1 1,P c 1 1,a,P,c,1,1,,,c,1,,1,
30,1,b1,,8,Cs^3,C -2y,C m = C 1 m 1,C 1 m 1,b,C,1,m,1,,1,,,m,1,
31,2,b2,,8,Cs^3,A -2y,C m = A 1 m 1,A 1 m 1,b,A,1,m,1,,1,,,m,1,
32,3,b3,,8,Cs^3,I -2y,C m = I 1 m 1,I 1 m 1,b,I,1,m,1,,1,,,m,1,
33,4,c1,,8,Cs^3,A -2,C m = A 1 1 m,A 1 1 m,c,A,1,1,m,,1,,1,,,m
34,5,c2,,8,Cs^3,B -2,C m = B 1 1 m = B m,B 1 1 m,c,B,1,1,m,,1,,1,,,m
35,6,c3,,8,Cs^3,I -2,C m = I 1 1 m,I 1 1 m,c,I,1,1,m,,1,,1,,,m
36,7,a1,,8,Cs^3,B -2x,C m = B m 1 1,B m 1 1,a,B,m,1,1,,,m,1,,1,
37,8,a2,,8,Cs^3,C -2x,C m = C m 1 1,C m 1 1,a,C,m,1,1,,,m,1,,1,
38,9,a3,,8,Cs^3,I -2x,C m = I m 1 1,I m 1 1,a,I,m,1,1,,,m,1,,1,
39,1,b1,,9,Cs^4,C -2yc,C c = C 1 c 1,C 1 c 1,b,C,1,c,1,,1,,,c,1,
40,2,b2,,9,Cs^4,A -2yac,C c = A 1 n 1,A 1 n 1,b,A,1,n,1,,1,,,n,1,
41,3,b3,,9,Cs^4,I -2ya,C c = I 1 a 1,I 1 a 1,b,I,1,a,1,,1,,,a,1,
42,4,-b1,,9,Cs^4,A -2ya,C c = A 1 a 1,A 1 a 1,b,A,1,a,1,,1,,,a,1,
43,5,-b2,,9,Cs^4,C -2ybc,C c = C 1 n 1,C 1 n 1,b,C,1,n,1,,1,,,n,1,
44,6,-b3,,9,Cs^4,I -2yc,C c = I 1 c 1,I 1 c 1,b,I,1,c,1,,1,,,c,1,
45,7,c1,,9,Cs^4,A -2a,C c = A 1 1 a,A 1 1 a,c,A,1,1,a,,1,,1,,,a
46,8,c2,,9,Cs^4,B -2bc,C c = B 1 1 n,B 1 1 n,c,B,1,1,n,,1,,1,,,n
47,9,c3,,9,Cs^4,I -2b,C c = I 1 1 b,I 1 1 b,c,I,1,1,b,,1,,1,,,b
48,10,-c1,,9,Cs^4,B -2b,C c = B 1 1 b = B b,B 1 1 b,c,B,1,1,b,,1,,1,,,b
49,11,-c2,,9,Cs^4,A -2ac,C c = A 1 1 n,A 1 1 n,c,A,1,1,n,,1,,1,,,n
50,12,-c3,,9,Cs^4,I -2a,C c = I 1 1 a,I 1 1 a,c,I,1,1,a,,1,,1,,,a
51,13,a1,,9,Cs^4,B -2xb,C c = B b 1 1,B b 1 1,a,B,b,1,1,,,b,1,,1,
52,14,a2,,9,Cs^4,C -2xbc,C c = C n 1 1,C n 1 1,a,C,n,1,1,,,n,1,,1,
53,15,a3,,9,Cs^4,I -2xc,C c = I c 1 1,I c 1 1,a,I,c,1,1,,,c,1,,1,
54,16,-a1,,9,Cs^4,C -2xc,C c = C c 1 1,C c 1 1,a,C,c,1,1,,,c,1,,1,
55,17,-a2,,9,Cs^4,B -2xbc,C c = B n 1 1,B n 1 1,a,B,n,1,1,,,n,1,,1,
56,18,-a3,,9,Cs^4,I -2xb,C c = I b 1 1,I b 1 1,a,I,b,1,1,,,b,1,,1,
57,1,b,,10,C2h^1,-P 2y,P 2/m = P 1 2/m 1,P 1 2/m 1,b,P,1,2m,1,,1,,2,m,1,
58,2,c,,10,C2h^1,-P 2,P 2/m = P 1 1 2/m,P 1 1 2/m,c,P,1,1,2m,,1,,1,,2,m
59,3,a,,10,C2h^1,-P 2x,P 2/m = P 2/m 1 1,P 2/m 1 1,a,P,2m,1,1,,2,m,1,,1,
60,1,b,,11,C2h^2,-P 2yb,P 2_1/m = P 1 2_1/m 1,P 1 2_1/m 1,b,P,1,2s1m,1,,1,,2s1,m,1,
61,2,c,,11,C2h^2,-P 2c,P 2_1/m = P 1 1 2_1/m,P 1 1 2_1/m,c,P,1,1,2s1m,,1,,1,,2s1,m
62,3,a,,11,C2h^2,-P 2xa,P 2_1/m = P 2_1/m 1 1,P 2_1/m 1 1,a,P,2s1m,1,1,,2s1,m,1,,1,
63,1,b1,,12,C2h^3,-C 2y,C 2/m = C 1 2/m 1,C 1 2/m 1,b,C,1,2m,1,,1,,2,m,1,
64,2,b2,,12,C2h^3,-A 2y,C 2/m = A 1 2/m 1,A 1 2/m 1,b,A,1,2m,1,,1,,2,m,1,
65,3,b3,,12,C2h^3,-I 2y,C 2/m = I 1 2/m 1,I 1 2/m 1,b,I,1,2m,1,,1,,2,m,1,
66,4,c1,,12,C2h^3,-A 2,C 2/m = A 1 1 2/m,A 1 1 2/m,c,A,1,1,2m,,1,,1,,2,m
67,5,c2,,12,C2h^3,-B 2,C 2/m = B 1 1 2/m = B 2/m,B 1 1 2/m,c,B,1,1,2m,,1,,1,,2,m
68,6,c3,,12,C2h^3,-I 2,C 2/m = I 1 1 2/m,I 1 1 2/m,c,I,1,1,2m,,1,,1,,2,m
69,7,a1,,12,C2h^3,-B 2x,C 2/m = B 2/m 1 1,B 2/m 1 1,a,B,2m,1,1,,2,m,1,,1,
70,8,a2,,12,C2h^3,-C 2x,C 2/m = C 2/m 1 1,C 2/m 1 1,a,C,2m,1,1,,2,m,1,,1,
71,9,a3,,12,C2h^3,-I 2x,C 2/m = I 2/m 1 1,I 2/m 1 1,a,I,2m,1,1,,2,m,1,,1,
72,1,b1,,13,C2h^4,-P 2yc,P 2/c = P 1 2/c 1,P 1 2/c 1,b,P,1,2c,1,,1,,2,c,1,
73,2,b2,,13,C2h^4,-P 2yac,P 2/c = P 1 2/n 1,P 1 2/n 1,b,P,1,2n,1,,1,,2,n,1,
74,3,b3,,13,C2h^4,-P 2ya,P 2/c = P 1 2/a 1,P 1 2/a 1,b,P,1,2a,1,,1,,2,a,1,
75,4,c1,,13,C2h^4,-P 2a,P 2/c = P 1 1 2/a,P 1 1 2/a,c,P,1,1,2a,,1,,1,,2,a
76,5,c2,,13,C2h^4,-P 2ab,P 2/c = P 1 1 2/n,P 1 1 2/n,c,P,1,1,2n,,1,,1,,2,n
77,6,c3,,13,C2h^4,-P 2b,P 2/c = P 1 1 2/b = P 2/b,P 1 1 2/b,c,P,1,1,2b,,1,,1,,2,b
78,7,a1,,13,C2h^4,-P 2xb,P 2/c = P 2/b 1 1,P 2/b 1 1,a,P,2b,1,1,,2,b,1,,1,
79,8,a2,,13,C2h^4,-P 2xbc,P 2/c = P 2/n 1 1,P 2/n 1 1,a,P,2n,1,1,,2,n,1,,1,
80,9,a3,,13,C2h^4,-P 2xc,P 2/c = P 2/c 1 1,P 2/c 1 1,a,P,2c,1,1,,2,c,1,,1,
81,1,b1,,14,C2h^5,-P 2ybc,P 2_1/c = P 1 2_1/c 1,P 1 2_1/c 1,b,P,1,2s1c,1,,1,,2s1,c,1,
82,2,b2,,14,C2h^5,-P 2yn,P 2_1/c = P 1 2_1/n 1,P 1 2_1/n 1,b,P,1,2s1n,1,,1,,2s1,n,1,
83,3,b3,,14,C2h^5,-P 2yab,P 2_1/c = P 1 2_1/a 1,P 1 2_1/a 1,b,P,1,2s1a,1,,1,,2s1,a,1,
84,4,c1,,14,C2h^5,-P 2ac,P 2_1/c = P 1 1 2_1/a,P 1 1 2_1/a,c,P,1,1,2s1a,,1,,1,,2s1,a
85,5,c2,,14,C2h^5,-P 2n,P 2_1/c = P 1 1 2_1/n,P 1 1 2_1/n,c,P,1,1,2s1n,,1,,1,,2s1,n
86,6,c3,,14,C2h^5,-P 2bc,P 2_1/c = P 1 1 2_1/b = P 2_1/b,P 1 1 2_1/b,c,P,1,1,2s1b,,1,,1,,2s1,b
87,7,a1,,14,C2h^5,-P 2xab,P 2_1/c = P 2_1/b 1 1,P 2_1/b 1 1,a,P,2s1b,1,1,,2s1,b,1,,1,
88,8,a2,,14,C2h^5,-P 2xn,P 2_1/c = P 2_1/n 1 1,P 2_1/n 1 1,a,P,2s1n,1,1,,2s1,n,1,,1,
89,9,a3,,14,C2h^5,-P 2xac,P 2_1/c = P 2_1/c 1 1,P 2_1/c 1 1,a,P,2s1c,1,1,,2s1,c,1,,1,
90,1,b1,,15,C2h^6,-C 2yc,C 2/c = C 1 2/c 1,C 1 2/c 1,b,C,1,2c,1,,1,,2,c,1,
91,2,b2,,15,C2h^6,-A 2yac,C 2/c = A 1 2/n 1,A 1 2/n 1,b,A,1,2n,1,,1,,2,n,1,
92,3,b3,,15,C2h^6,-I 2ya,C 2/c = I 1 2/a 1,I 1 2/a 1,b,I,1,2a,1,,1,,2,a,1,
93,4,-b1,,15,C2h^6,-A 2ya,C 2/c = A 1 2/a 1,A 1 2/a 1,b,A,1,2a,1,,1,,2,a,1,
94,5,-b2,,15,C2h^6,-C 2ybc,C 2/c = C 1 2/n 1,C 1 2/n 1,b,C,1,2n,1,,1,,2,n,1,
95,6,-b3,,15,C2h^6,-I 2yc,C 2/c = I 1 2/c 1,I 1 2/c 1,b,I,1,2c,1,,1,,2,c,1,
96,7,c1,,15,C2h^6,-A 2a,C 2/c = A 1 1 2/a,A 1 1 2/a,c,A,1,1,2a,,1,,1,,2,a
97,8,c2,,15,C2h^6,-B 2bc,C 2/c = B 1 1 2/n,B 1 1 2/n,c,B,1,1,2n,,1,,1,,2,n
98,9,c3,,15,C2h^6,-I 2b,C 2/c = I 1 1 2/b,I 1 1 2/b,c,I,1,1,2b,,1,,1,,2,b
99,10,-c1,,15,C2h^6,-B 2b,C 2/c = B 1 1 2/b = B 2/b,B 1 1 2/b,c,B,1,1,2b,,1,,1,,2,b
100,11,-c2,,15,C2h^6,-A 2ac,C 2/c = A 1 1 2/n,A 1 1 2/n,c,A,1,1,2n,,1,,1,,2,n
101,12,-c3,,15,C2h^6,-I 2a,C 2/c = I 1 1 2/a,I 1 1 2/a,c,I,1,1,2a,,1,,1,,2,a
102,13,a1,,15,C2h^6,-B 2xb,C 2/c = B 2/b 1 1,B 2/b 1 1,a,B,2b,1,1,,2,b,1,,1,
103,14,a2,,15,C2h^6,-C 2xbc,C 2/c = C 2/n 1 1,C 2/n 1 1,a,C,2n,1,1,,2,n,1,,1,
104,15,a3,,15,C2h^6,-I 2xc,C 2/c = I 2/c 1 1,I 2/c 1 1,a,I,2c,1,1,,2,c,1,,1,
105,16,-a1,,15,C2h^6,-C 2xc,C 2/c = C 2/c 1 1,C 2/c 1 1,a,C,2c,1,1,,2,c,1,,1,
106,17,-a2,,15,C2h^6,-B 2xbc,C 2/c = B 2/n 1 1,B 2/n 1 1,a,B,2n,1,1,,2,n,1,,1,
107,18,-a3,,15,C2h^6,-I 2xb,C 2/c = I 2/b 1 1,I 2/b 1 1,a,I,2b,1,1,,2,b,1,,1,
108,1,,,16,D2^1,P 2 2,P 2 2 2,P 2 2 2,,P,2,2,2,,2,,2,,2,
109,1,,,17,D2^2,P 2c 2,P 2 2 2_1,P 2 2 2_1,,P,2,2,2s1,,2,,2,,2s1,
110,2,cab,,17,D2^2,P 2a 2a,P 2_1 2 2,P 2_1 2 2,,P,2s1,2,2,,2s1,,2,,2,
111,3,bca,,17,D2^2,P 2 2b,P 2 2_1 2,P 2 2_1 2,,P,2,2s1,2,,2,,2s1,,2,
112,1,,,18,D2^3,P 2 2ab,P 2_1 2_1 2,P 2_1 2_1 2,,P,2s1,2s1,2,,2s1,,2s1,,2,
113,2,cab,,18,D2^3,P 2bc 2,P 2 2_1 2_1,P 2 2_1 2_1,,P,2,2s1,2s1,,2,,2s1,,2s1,
114,3,bca,,18,D2^3,P 2ac 2ac,P 2_1 2 2_1,P 2_1 2 2_1,,P,2s1,2,2s1,,2s1,,2,,2s1,
115,1,,,19,D2^4,P 2ac 2ab,P 2_1 2_1 2_1,P 2_1 2_1 2_1,,P,2s1,2s1,2s1,,2s1,,2s1,,2s1,
116,1,,,20,D2^5,C 2c 2,C 2 2 2_1,C 2 2 2_1,,C,2,2,2s1,,2,,2,,2s1,
117,2,cab,,20,D2^5,A 2a 2a,A 2_1 2 2,A 2_1 2 2,,A,2s1,2,2,,2s1,,2,,2,
118,3,bca,,20,D2^5,B 2 2b,B 2 2_1 2,B 2 2_1 2,,B,2,2s1,2,,2,,2s1,,2,
119,1,,,21,D2^6,C 2 2,C 2 2 2,C 2 2 2,,C,2,2,2,,2,,2,,2,
120,2,cab,,21,D2^6,A 2 2,A 2 2 2,A 2 2 2,,A,2,2,2,,2,,2,,2,
121,3,bca,,21,D2^6,B 2 2,B 2 2 2,B 2 2 2,,B,2,2,2,,2,,2,,2,
122,1,,,22,D2^7,F 2 2,F 2 2 2,F 2 2 2,,F,2,2,2,,2,,2,,2,
123,1,,,23,D2^8,I 2 2,I 2 2 2,I 2 2 2,,I,2,2,2,,2,,2,,2,
124,1,,,24,D2^9,I 2b 2c,I 2_1 2_1 2_1,I 2_1 2_1 2_1,,I,2s1,2s1,2s1,,2s1,,2s1,,2s1,
125,1,,,25,C2v^1,P 2 -2,P m m 2,P m m 2,,P,m,m,2,,,m,,m,2,
126,2,cab,,25,C2v^1,P -2 2,P 2 m m,P 2 m m,,P,2,m,m,,2,,,m,,m
127,3,bca,,25,C2v^1,P -2 -2,P m 2 m,P m 2 m,,P,m,2,m,,,m,2,,,m
128,1,,,26,C2v^2,P 2c -2,P m c 2_1,P m c 2_1,,P,m,c,2s1,,,m,,c,2s1,
129,2,ba-c,,26,C2v^2,P 2c -2c,P c m 2_1,P c m 2_1,,P,c,m,2s1,,,c,,m,2s1,
130,3,cab,,26,C2v^2,P -2a 2a,P 2_1 m a,P 2_1 m a,,P,2s1,m,a,,2s1,,,m,,a
131,4,-cba,,26,C2v^2,P -2 2a,P 2_1 a m,P 2_1 a m,,P,2s1,a,m,,2s1,,,a,,m
132,5,bca,,26,C2v^2,P -2 -2b,P b 2_1 m,P b 2_1 m,,P,b,2s1,m,,,b,2s1,,,m
133,6,a-cb,,26,C2v^2,P -2b -2,P m 2_1 b,P m 2_1 b,,P,m,2s1,b,,,m,2s1,,,b
134,1,,,27,C2v^3,P 2 -2c,P c c 2,P c c 2,,P,c,c,2,,,c,,c,2,
135,2,cab,,27,C2v^3,P -2a 2,P 2 a a,P 2 a a,,P,2,a,a,,2,,,a,,a
136,3,bca,,27,C2v^3,P -2b -2b,P b 2 b,P b 2 b,,P,b,2,b,,,b,2,,,b
137,1,,,28,C2v^4,P 2 -2a,P m a 2,P m a 2,,P,m,a,2,,,m,,a,2,
138,2,ba-c,,28,C2v^4,P 2 -2b,P b m 2,P b m 2,,P,b,m,2,,,b,,m,2,
139,3,cab,,28,C2v^4,P -2b 2,P 2 m b,P 2 m b,,P,2,m,b,,2,,,m,,b
140,4,-cba,,28,C2v^4,P -2c 2,P 2 c m,P 2 c m,,P,2,c,m,,2,,,c,,m
141,5,bca,,28,C2v^4,P -2c -2c,P c 2 m,P c 2 m,,P,c,2,m,,,c,2,,,m
142,6,a-cb,,28,C2v^4,P -2a -2a,P m 2 a,P m 2 a,,P,m,2,a,,,m,2,,,a
143,1,,,29,C2v^5,P 2c -2ac,P c a 2_1,P c a 2_1,,P,c,a,2s1,,,c,,a,2s1,
144,2,ba-c,,29,C2v^5,P 2c -2b,P b c 2_1,P b c 2_1,,P,b,c,2s1,,,b,,c,2s1,
145,3,cab,,29,C2v^5,P -2b 2a,P 2_1 a b,P 2_1 a b,,P,2s1,a,b,,2s1,,,a,,b
146,4,-cba,,29,C2v^5,P -2ac 2a,P 2_1 c a,P 2_1 c a,,P,2s1,c,a,,2s1,,,c,,a
147,5,bca,,29,C2v^5,P -2bc -2c,P c 2_1 b,P c 2_1 b,,P,c,2s1,b,,,c,2s1,,,b
148,6,a-cb,,29,C2v^5,P -2a -2ab,P b 2_1 a,P b 2_1 a,,P,b,2s1,a,,,b,2s1,,,a
149,1,,,30,C2v^6,P 2 -2bc,P n c 2,P n c 2,,P,n,c,2,,,n,,c,2,
150,2,ba-c,,30,C2v^6,P 2 -2ac,P c n 2,P c n 2,,P,c,n,2,,,c,,n,2,
151,3,cab,,30,C2v^6,P -2ac 2,P 2 n a,P 2 n a,,P,2,n,a,,2,,,n,,a
152,4,-cba,,30,C2v^6,P -2ab 2,P 2 a n,P 2 a n,,P,2,a,n,,2,,,a,,n
153,5,bca,,30,C2v^6,P -2ab -2ab,P b 2 n,P b 2 n,,P,b,2,n,,,b,2,,,n
154,6,a-cb,,30,C2v^6,P -2bc -2bc,P n 2 b,P n 2 b,,P,n,2,b,,,n,2,,,b
155,1,,,31,C2v^7,P 2ac -2,P m n 2_1,P m n 2_1,,P,m,n,2s1,,,m,,n,2s1,
156,2,ba-c,,31,C2v^7,P 2bc -2bc,P n m 2_1,P n m 2_1,,P,n,m,2s1,,,n,,m,2s1,
157,3,cab,,31,C2v^7,P -2ab 2ab,P 2_1 m n,P 2_1 m n,,P,2s1,m,n,,2s1,,,m,,n
158,4,-cba,,31,C2v^7,P -2 2ac,P 2_1 n m,P 2_1 n m,,P,2s1,n,m,,2s1,,,n,,m
159,5,bca,,31,C2v^7,P -2 -2bc,P n 2_1 m,P n 2_1 m,,P,n,2s1,m,,,n,2s1,,,m
160,6,a-cb,,31,C2v^7,P -2ab -2,P m 2_1 n,P m 2_1 n,,P,m,2s1,n,,,m,2s1,,,n
161,1,,,32,C2v^8,P 2 -2ab,P b a 2,P b a 2,,P,b,a,2,,,b,,a,2,
162,2,cab,,32,C2v^8,P -2bc 2,P 2 c b,P 2 c b,,P,2,c,b,,2,,,c,,b
163,3,bca,,32,C2v^8,P -2ac -2ac,P c 2 a,P c 2 a,,P,c,2,a,,,c,2,,,a
164,1,,,33,C2v^9,P 2c -2n,P n a 2_1,P n a 2_1,,P,n,a,2s1,,,n,,a,2s1,
165,2,ba-c,,33,C2v^9,P 2c -2ab,P b n 2_1,P b n 2_1,,P,b,n,2s1,,,b,,n,2s1,
166,3,cab,,33,C2v^9,P -2bc 2a,P 2_1 n b,P 2_1 n b,,P,2s1,n,b,,2s1,,,n,,b
167,4,-cba,,33,C2v^9,P -2n 2a,P 2_1 c n,P 2_1 c n,,P,2s1,c,n,,2s1,,,c,,n
168,5,bca,,33,C2v^9,P -2n -2ac,P c 2_1 n,P c 2_1 n,,P,c,2s1,n,,,c,2s1,,,n
169,6,a-cb,,33,C2v^9,P -2ac -2n,P n 2_1 a,P n 2_1 a,,P,n,2s1,a,,,n,2s1,,,a
170,1,,,34,C2v^10,P 2 -2n,P n n 2,P n n 2,,P,n,n,2,,,n,,n,2,
171,2,cab,,34,C2v^10,P -2n 2,P 2 n n,P 2 n n,,P,2,n,n,,2,,,n,,n
172,3,bca,,34,C2v^10,P -2n -2n,P n 2 n,P n 2 n,,P,n,2,n,,,n,2,,,n
173,1,,,35,C2v^11,C 2 -2,C m m 2,C m m 2,,C,m,m,2,,,m,,m,2,
174,2,cab,,35,C2v^11,A -2 2,A 2 m m,A 2 m m,,A,2,m,m,,2,,,m,,m
175,3,bca,,35,C2v^11,B -2 -2,B m 2 m,B m 2 m,,B,m,2,m,,,m,2,,,m
176,1,,,36,C2v^12,C 2c -2,C m c 2_1,C m c 2_1,,C,m,c,2s1,,,m,,c,2s1,
177,2,ba-c,,36,C2v^12,C 2c -2c,C c m 2_1,C c m 2_1,,C,c,m,2s1,,,c,,m,2s1,
178,3,cab,,36,C2v^12,A -2a 2a,A 2_1 m a,A 2_1 m a,,A,2s1,m,a,,2s1,,,m,,a
179,4,-cba,,36,C2v^12,A -2 2a,A 2_1 a m,A 2_1 a m,,A,2s1,a,m,,2s1,,,a,,m
180,5,bca,,36,C2v^12,B -2 -2b,B b 2_1 m,B b 2_1 m,,B,b,2s1,m,,,b,2s1,,,m
181,6,a-cb,,36,C2v^12,B -2b -2,B m 2_1 b,B m 2_1 b,,B,m,2s1,b,,,m,2s1,,,b
182,1,,,37,C2v^13,C 2 -2c,C c c 2,C c c 2,,C,c,c,2,,,c,,c,2,
183,2,cab,,37,C2v^13,A -2a 2,A 2 a a,A 2 a a,,A,2,a,a,,2,,,a,,a
184,3,bca,,37,C2v^13,B -2b -2b,B b 2 b,B b 2 b,,B,b,2,b,,,b,2,,,b
185,1,,,38,C2v^14,A 2 -2,A m m 2,A m m 2,,A,m,m,2,,,m,,m,2,
186,2,ba-c,,38,C2v^14,B 2 -2,B m m 2,B m m 2,,B,m,m,2,,,m,,m,2,
187,3,cab,,38,C2v^14,B -2 2,B 2 m m,B 2 m m,,B,2,m,m,,2,,,m,,m
188,4,-cba,,38,C2v^14,C -2 2,C 2 m m,C 2 m m,,C,2,m,m,,2,,,m,,m
189,5,bca,,38,C2v^14,C -2 -2,C m 2 m,C m 2 m,,C,m,2,m,,,m,2,,,m
190,6,a-cb,,38,C2v^14,A -2 -2,A m 2 m,A m 2 m,,A,m,2,m,,,m,2,,,m
191,1,,,39,C2v^15,A 2 -2c,A e m 2,A e m 2,,A,e,m,2,,,e,,m,2,
192,2,ba-c,,39,C2v^15,B 2 -2c,B m e 2,B m e 2,,B,m,e,2,,,m,,e,2,
193,3,cab,,39,C2v^15,B -2c 2,B 2 e m,B 2 e m,,B,2,e,m,,2,,,e,,m
194,4,-cba,,39,C2v^15,C -2b 2,C 2 m e,C 2 m e,,C,2,m,e,,2,,,m,,e
195,5,bca,,39,C2v^15,C -2b -2b,C m 2 e,C m 2 e,,C,m,2,e,,,m,2,,,e
196,6,a-cb,,39,C2v^15,A -2c -2c,A e 2 m,A e 2 m,,A,e,2,m,,,e,2,,,m
197,1,,,40,C2v^16,A 2 -2a,A m a 2,A m a 2,,A,m,a,2,,,m,,a,2,
198,2,ba-c,,40,C2v^16,B 2 -2b,B b m 2,B b m 2,,B,b,m,2,,,b,,m,2,
199,3,cab,,40,C2v^16,B -2b 2,B 2 m b,B 2 m b,,B,2,m,b,,2,,,m,,b
200,4,-cba,,40,C2v^16,C -2c 2,C 2 c m,C 2 c m,,C,2,c,m,,2,,,c,,m
201,5,bca,,40,C2v^16,C -2c -2c,C c 2 m,C c 2 m,,C,c,2,m,,,c,2,,,m
202,6,a-cb,,40,C2v^16,A -2a -2a,A m 2 a,A m 2 a,,A,m,2,a,,,m,2,,,a
203,1,,,41,C2v^17,A 2 -2ac,A e a 2,A e a 2,,A,e,a,2,,,e,,a,2,
204,2,ba-c,,41,C2v^17,B 2 -2bc,B b e 2,B b e 2,,B,b,e,2,,,b,,e,2,
205,3,cab,,41,C2v^17,B -2bc 2,B 2 e b,B 2 e b,,B,2,e,b,,2,,,e,,b
206,4,-cba,,41,C2v^17,C -2bc 2,C 2 c e,C 2 c e,,C,2,c,e,,2,,,c,,e
207,5,bca,,41,C2v^17,C -2bc -2bc,C c 2 e,C c 2 e,,C,c,2,e,,,c,2,,,e
208,6,a-cb,,41,C2v^17,A -2ac -2ac,A e 2 a,A e 2 a,,A,e,2,a,,,e,2,,,a
209,1,,,42,C2v^18,F 2 -2,F m m 2,F m m 2,,F,m,m,2,,,m,,m,2,
210,2,cab,,42,C2v^18,F -2 2,F 2 m m,F 2 m m,,F,2,m,m,,2,,,m,,m
211,3,bca,,42,C2v^18,F -2 -2,F m 2 m,F m 2 m,,F,m,2,m,,,m,2,,,m
212,1,,,43,C2v^19,F 2 -2d,F d d 2,F d d 2,,F,d,d,2,,,d,,d,2,
213,2,cab,,43,C2v^19,F -2d 2,F 2 d d,F 2 d d,,F,2,d,d,,2,,,d,,d
214,3,bca,,43,C2v^19,F -2d -2d,F d 2 d,F d 2 d,,F,d,2,d,,,d,2,,,d
215,1,,,44,C2v^20,I 2 -2,I m m 2,I m m 2,,I,m,m,2,,,m,,m,2,
216,2,cab,,44,C2v^20,I -2 2,I 2 m m,I 2 m m,,I,2,m,m,,2,,,m,,m
217,3,bca,,44,C2v^20,I -2 -2,I m 2 m,I m 2 m,,I,m,2,m,,,m,2,,,m
218,1,,,45,C2v^21,I 2 -2c,I b a 2,I b a 2,,I,b,a,2,,,b,,a,2,
219,2,cab,,45,C2v^21,I -2a 2,I 2 c b,I 2 c b,,I,2,c,b,,2,,,c,,b
220,3,bca,,45,C2v^21,I -2b -2b,I c 2 a,I c 2 a,,I,c,2,a,,,c,2,,,a
221,1,,,46,C2v^22,I 2 -2a,I m a 2,I m a 2,,I,m,a,2,,,m,,a,2,
222,2,ba-c,,46,C2v^22,I 2 -2b,I b m 2,I b m 2,,I,b,m,2,,,b,,m,2,
223,3,cab,,46,C2v^22,I -2b 2,I 2 m b,I 2 m b,,I,2,m,b,,2,,,m,,b
224,4,-cba,,46,C2v^22,I -2c 2,I 2 c m,I 2 c m,,I,2,c,m,,2,,,c,,m
225,5,bca,,46,C2v^22,I -2c -2c,I c 2 m,I c 2 m,,I,c,2,m,,,c,2,,,m
226,6,a-cb,,46,C2v^22,I -2a -2a,I m 2 a,I m 2 a,,I,m,2,a,,,m,2,,,a
227,1,,,47,D2h^1,-P 2 2,P m m m,P 2/m 2/m 2/m,,P,2m,2m,2m,,2,m,2,m,2,m
228,1,1,,48,D2h^2,P 2 2 -1n,P n n n,P 2/n 2/n 2/n,,P,2n,2n,2n,,2,n,2,n,2,n
229,2,2,,48,D2h^2,-P 2ab 2bc,P n n n,P 2/n 2/n 2/n,,P,2n,2n,2n,,2,n,2,n,2,n
230,1,,,49,D2h^3,-P 2 2c,P c c m,P 2/c 2/c 2/m,,P,2c,2c,2m,,2,c,2,c,2,m
231,2,cab,,49,D2h^3,-P 2a 2,P m a a,P 2/m 2/a 2/a,,P,2m,2a,2a,,2,m,2,a,2,a
232,3,bca,,49,D2h^3,-P 2b 2b,P b m b,P 2/b 2/m 2/b,,P,2b,2m,2b,,2,b,2,m,2,b
233,1,1,,50,D2h^4,P 2 2 -1ab,P b a n,P 2/b 2/a 2/n,,P,2b,2a,2n,,2,b,2,a,2,n
234,2,2,,50,D2h^4,-P 2ab 2b,P b a n,P 2/b 2/a 2/n,,P,2b,2a,2n,,2,b,2,a,2,n
235,3,1cab,,50,D2h^4,P 2 2 -1bc,P n c b,P 2/n 2/c 2/b,,P,2n,2c,2b,,2,n,2,c,2,b
236,4,2cab,,50,D2h^4,-P 2b 2bc,P n c b,P 2/n 2/c 2/b,,P,2n,2c,2b,,2,n,2,c,2,b
237,5,1bca,,50,D2h^4,P 2 2 -1ac,P c n a,P 2/c 2/n 2/a,,P,2c,2n,2a,,2,c,2,n,2,a
238,6,2bca,,50,D2h^4,-P 2a 2c,P c n a,P 2/c 2/n 2/a,,P,2c,2n,2a,,2,c,2,n,2,a
239,1,,,51,D2h^5,-P 2a 2a,P m m a,P 2_1/m 2/m 2/a,,P,2s1m,2m,2a,,2s1,m,2,m,2,a
240,2,ba-c,,51,D2h^5,-P 2b 2,P m m b,P 2/m 2_1/m 2/b,,P,2m,2s1m,2b,,2,m,2s1,m,2,b
241,3,cab,,51,D2h^5,-P 2 2b,P b m m,P 2/b 2_1/m 2/m,,P,2b,2s1m,2m,,2,b,2s1,m,2,m
242,4,-cba,,51,D2h^5,-P 2c 2c,P c m m,P 2/c 2/m 2_1/m,,P,2c,2m,2s1m,,2,c,2,m,2s1,m
243,5,bca,,51,D2h^5,-P 2c 2,P m c m,P 2/m 2/c 2_1/m,,P,2m,2c,2s1m,,2,m,2,c,2s1,m
244,6,a-cb,,51,D2h^5,-P 2 2a,P m a m,P 2_1/m 2/a 2/m,,P,2s1m,2a,2m,,2s1,m,2,a,2,m
245,1,,,52,D2h^6,-P 2a 2bc,P n n a,P 2/n 2_1/n 2/a,,P,2n,2s1n,2a,,2,n,2s1,n,2,a
246,2,ba-c,,52,D2h^6,-P 2b 2n,P n n b,P 2_1/n 2/n 2/b,,P,2s1n,2n,2b,,2s1,n,2,n,2,b
247,3,cab,,52,D2h^6,-P 2n 2b,P b n n,P 2/b 2/n 2_1/n,,P,2b,2n,2s1n,,2,b,2,n,2s1,n
248,4,-cba,,52,D2h^6,-P 2ab 2c,P c n n,P 2/c 2_1/n 2/n,,P,2c,2s1n,2n,,2,c,2s1,n,2,n
249,5,bca,,52,D2h^6,-P 2ab 2n,P n c n,P 2_1/n 2/c 2/n,,P,2s1n,2c,2n,,2s1,n,2,c,2,n
250,6,a-cb,,52,D2h^6,-P 2n 2bc,P n a n,P 2/n 2/a 2_1/n,,P,2n,2a,2s1n,,2,n,2,a,2s1,n
251,1,,,53,D2h^7,-P 2ac 2,P m n a,P 2/m 2/n 2_1/a,,P,2m,2n,2s1a,,2,m,2,n,2s1,a
252,2,ba-c,,53,D2h^7,-P 2bc 2bc,P n m b,P 2/n 2/m 2_1/b,,P,2n,2m,2s1b,,2,n,2,m,2s1,b
253,3,cab,,53,D2h^7,-P 2ab 2ab,P b m n,P 2_1/b 2/m 2/n,,P,2s1b,2m,2n,,2s1,b,2,m,2,n
254,4,-cba,,53,D2h^7,-P 2 2ac,P c n m,P 2_1/c 2/n 2/m,,P,2s1c,2n,2m,,2s1,c,2,n,2,m
255,5,bca,,53,D2h^7,-P 2 2bc,P n c m,P 2/n 2_1/c 2/m,,P,2n,2s1c,2m,,2,n,2s1,c,2,m
256,6,a-cb,,53,D2h^7,-P 2ab 2,P m a n,P 2/m 2_1/a 2/n,,P,2m,2s1a,2n,,2,m,2s1,a,2,n
257,1,,,54,D2h^8,-P 2a 2ac,P c c a,P 2_1/c 2/c 2/a,,P,2s1c,2c,2a,,2s1,c,2,c,2,a
258,2,ba-c,,54,D2h^8,-P 2b 2c,P c c b,P 2/c 2_1/c 2/b,,P,2c,2s1c,2b,,2,c,2s1,c,2,b
259,3,cab,,54,D2h^8,-P 2a 2b,P b a a,P 2/b 2_1/a 2/a,,P,2b,2s1a,2a,,2,b,2s1,a,2,a
260,4,-cba,,54,D2h^8,-P 2ac 2c,P c a a,P 2/c 2/a 2_1/a,,P,2c,2a,2s1a,,2,c,2,a,2s1,a
261,5,bca,,54,D2h^8,-P 2bc 2b,P b c b,P 2/b 2/c 2_1/b,,P,2b,2c,2s1b,,2,b,2,c,2s1,b
262,6,a-cb,,54,D2h^8,-P 2b 2ab,P b a b,P 2_1/b 2/a 2/b,,P,2s1b,2a,2b,,2s1,b,2,a,2,b
263,1,,,55,D2h^9,-P 2 2ab,P b a m,P 2_1/b 2_1/a 2/m,,P,2s1b,2s1a,2m,,2s1,b,2s1,a,2,m
264,2,cab,,55,D2h^9,-P 2bc 2,P m c b,P 2/m 2_1/c 2_1/b,,P,2m,2s1c,2s1b,,2,m,2s1,c,2s1,b
265,3,bca,,55,D2h^9,-P 2ac 2ac,P c m a,P 2_1/c 2/m 2_1/a,,P,2s1c,2m,2s1a,,2s1,c,2,m,2s1,a
266,1,,,56,D2h^10,-P 2ab 2ac,P c c n,P 2_1/c 2_1/c 2/n,,P,2s1c,2s1c,2n,,2s1,c,2s1,c,2,n
267,2,cab,,56,D2h^10,-P 2ac 2bc,P n a a,P 2/n 2_1/a 2_1/a,,P,2n,2s1a,2s1a,,2,n,2s1,a,2s1,a
268,3,bca,,56,D2h^10,-P 2bc 2ab,P b n b,P 2_1/b 2/n 2_1/b,,P,2s1b,2n,2s1b,,2s1,b,2,n,2s1,b
269,1,,,57,D2h^11,-P 2c 2b,P b c m,P 2/b 2_1/c 2_1/m,,P,2b,2s1c,2s1m,,2,b,2s1,c,2s1,m
270,2,ba-c,,57,D2h^11,-P 2c 2ac,P c a m,P 2_1/c 2/a 2_1/m,,P,2s1c,2a,2s1m,,2s1,c,2,a,2s1,m
271,3,cab,,57,D2h^11,-P 2ac 2a,P m c a,P 2_1/m 2/c 2_1/a,,P,2s1m,2c,2s1a,,2s1,m,2,c,2s1,a
272,4,-cba,,57,D2h^11,-P 2b 2a,P m a b,P 2_1/m 2_1/a 2/b,,P,2s1m,2s1a,2b,,2s1,m,2s1,a,2,b
273,5,bca,,57,D2h^11,-P 2a 2ab,P b m a,P 2_1/b 2_1/m 2/a,,P,2s1b,2s1m,2a,,2s1,b,2s1,m,2,a
274,6,a-cb,,57,D2h^11,-P 2bc 2c,P c m b,P 2/c 2_1/m 2_1/b,,P,2c,2s1m,2s1b,,2,c,2s1,m,2s1,b
275,1,,,58,D2h^12,-P 2 2n,P n n m,P 2_1/n 2_1/n 2/m,,P,2s1n,2s1n,2m,,2s1,n,2s1,n,2,m
276,2,cab,,58,D2h^12,-P 2n 2,P m n n,P 2/m 2_1/n 2_1/n,,P,2m,2s1n,2s1n,,2,m,2s1,n,2s1,n
277,3,bca,,58,D2h^12,-P 2n 2n,P n m n,P 2_1/n 2/m 2_1/n,,P,2s1n,2m,2s1n,,2s1,n,2,m,2s1,n
278,1,1,,59,D2h^13,P 2 2ab -1ab,P m m n,P 2_1/m 2_1/m 2/n,,P,2s1m,2s1m,2n,,2s1,m,2s1,m,2,n
279,2,2,,59,D2h^13,-P 2ab 2a,P m m n,P 2_1/m 2_1/m 2/n,,P,2s1m,2s1m,2n,,2s1,m,2s1,m,2,n
280,3,1cab,,59,D2h^13,P 2bc 2 -1bc,P n m m,P 2/n 2_1/m 2_1/m,,P,2n,2s1m,2s1m,,2,n,2s1,m,2s1,m
281,4,2cab,,59,D2h^13,-P 2c 2bc,P n m m,P 2/n 2_1/m 2_1/m,,P,2n,2s1m,2s1m,,2,n,2s1,m,2s1,m
282,5,1bca,,59,D2h^13,P 2ac 2ac -1ac,P m n m,P 2_1/m 2/n 2_1/m,,P,2s1m,2n,2s1m,,2s1,m,2,n,2s1,m
283,6,2bca,,59,D2h^13,-P 2c 2a,P m n m,P 2_1/m 2/n 2_1/m,,P,2s1m,2n,2s1m,,2s1,m,2,n,2s1,m
284,1,,,60,D2h^14,-P 2n 2ab,P b c n,P 2_1/b 2/c 2_1/n,,P,2s1b,2c,2s1n,,2s1,b,2,c,2s1,n
285,2,ba-c,,60,D2h^14,-P 2n 2c,P c a n,P 2/c 2_1/a 2_1/n,,P,2c,2s1a,2s1n,,2,c,2s1,a,2s1,n
286,3,cab,,60,D2h^14,-P 2a 2n,P n c a,P 2_1/n 2_1/c 2/a,,P,2s1n,2s1c,2a,,2s1,n,2s1,c,2,a
287,4,-cba,,60,D2h^14,-P 2bc 2n,P n a b,P 2_1/n 2/a 2_1/b,,P,2s1n,2a,2s1b,,2s1,n,2,a,2s1,b
288,5,bca,,60,D2h^14,-P 2ac 2b,P b n a,P 2/b 2_1/n 2_1/a,,P,2b,2s1n,2s1a,,2,b,2s1,n,2s1,a
289,6,a-cb,,60,D2h^14,-P 2b 2ac,P c n b,P 2_1/c 2_1/n 2/b,,P,2s1c,2s1n,2b,,2s1,c,2s1,n,2,b
290,1,,,61,D2h^15,-P 2ac 2ab,P b c a,P 2_1/b 2_1/c 2_1/a,,P,2s1b,2s1c,2s1a,,2s1,b,2s1,c,2s1,a
291,2,ba-c,,61,D2h^15,-P 2bc 2ac,P c a b,P 2_1/c 2_1/a 2_1/b,,P,2s1c,2s1a,2s1b,,2s1,c,2s1,a,2s1,b
292,1,,,62,D2h^16,-P 2ac 2n,P n m a,P 2_1/n 2_1/m 2_1/a,,P,2s1n,2s1m,2s1a,,2s1,n,2s1,m,2s1,a
293,2,ba-c,,62,D2h^16,-P 2bc 2a,P m n b,P 2_1/m 2_1/n 2_1/b,,P,2s1m,2s1n,2s1b,,2s1,m,2s1,n,2s1,b
294,3,cab,,62,D2h^16,-P 2c 2ab,P b n m,P 2_1/b 2_1/n 2_1/m,,P,2s1b,2s1n,2s1m,,2s1,b,2s1,n,2s1,m
295,4,-cba,,62,D2h^16,-P 2n 2ac,P c m n,P 2_1/c 2_1/m 2_1/n,,P,2s1c,2s1m,2s1n,,2s1,c,2s1,m,2s1,n
296,5,bca,,62,D2h^16,-P 2n 2a,P m c n,P 2_1/m 2_1/c 2_1/n,,P,2s1m,2s1c,2s1n,,2s1,m,2s1,c,2s1,n
297,6,a-cb,,62,D2h^16,-P 2c 2n,P n a m,P 2_1/n 2_1/a 2_1/m,,P,2s1n,2s1a,2s1m,,2s1,n,2s1,a,2s1,m
298,1,,,63,D2h^17,-C 2c 2,C m c m,C 2/m 2/c 2_1/m,,C,2m,2c,2s1m,,2,m,2,c,2s1,m
299,2,ba-c,,63,D2h^17,-C 2c 2c,C c m m,C 2/c 2/m 2_1/m,,C,2c,2m,2s1m,,2,c,2,m,2s1,m
300,3,cab,,63,D2h^17,-A 2a 2a,A m m a,A 2_1/m 2/m 2/a,,A,2s1m,2m,2a,,2s1,m,2,m,2,a
301,4,-cba,,63,D2h^17,-A 2 2a,A m a m,A 2_1/m 2/a 2/m,,A,2s1m,2a,2m,,2s1,m,2,a,2,m
302,5,bca,,63,D2h^17,-B 2 2b,B b m m,B 2/b 2_1/m 2/m,,B,2b,2s1m,2m,,2,b,2s1,m,2,m
303,6,a-cb,,63,D2h^17,-B 2b 2,B m m b,B 2/m 2_1/m 2/b,,B,2m,2s1m,2b,,2,m,2s1,m,2,b
304,1,,,64,D2h^18,-C 2bc 2,C m c e,C 2/m 2/c 2_1/e,,C,2m,2c,2s1e,,2,m,2,c,2s1,e
305,2,ba-c,,64,D2h^18,-C 2bc 2bc,C c m e,C 2/c 2/m 2_1/e,,C,2c,2m,2s1e,,2,c,2,m,2s1,e
306,3,cab,,64,D2h^18,-A 2ac 2ac,A e m a,A 2_1/e 2/m 2/a,,A,2s1e,2m,2a,,2s1,e,2,m,2,a
307,4,-cba,,64,D2h^18,-A 2 2ac,A e a m,A 2_1/e 2/a 2/m,,A,2s1e,2a,2m,,2s1,e,2,a,2,m
308,5,bca,,64,D2h^18,-B 2 2bc,B b e m,B 2/b 2_1/e 2/m,,B,2b,2s1e,2m,,2,b,2s1,e,2,m
309,6,a-cb,,64,D2h^18,-B 2bc 2,B m e b,B 2/m 2_1/e 2/b,,B,2m,2s1e,2b,,2,m,2s1,e,2,b
310,1,,,65,D2h^19,-C 2 2,C m m m,C 2/m 2/m 2/m,,C,2m,2m,2m,,2,m,2,m,2,m
311,2,cab,,65,D2h^19,-A 2 2,A m m m,A 2/m 2/m 2/m,,A,2m,2m,2m,,2,m,2,m,2,m
312,3,bca,,65,D2h^19,-B 2 2,B m m m,B 2/m 2/m 2/m,,B,2m,2m,2m,,2,m,2,m,2,m
313,1,,,66,D2h^20,-C 2 2c,C c c m,C 2/c 2/c 2/m,,C,2c,2c,2m,,2,c,2,c,2,m
314,2,cab,,66,D2h^20,-A 2a 2,A m a a,A 2/m 2/a 2/a,,A,2m,2a,2a,,2,m,2,a,2,a
315,3,bca,,66,D2h^20,-B 2b 2b,B b m b,B 2/b 2/m 2/b,,B,2b,2m,2b,,2,b,2,m,2,b
316,1,,,67,D2h^21,-C 2b 2,C m m e,C 2/m 2/m 2/e,,C,2m,2m,2e,,2,m,2,m,2,e
317,2,ba-c,,67,D2h^21,-C 2b 2b,C m m e,C 2/m 2/m 2/e,,C,2m,2m,2e,,2,m,2,m,2,e
318,3,cab,,67,D2h^21,-A 2c 2c,A e m m,A 2/e 2/m 2/m,,A,2e,2m,2m,,2,e,2,m,2,m
319,4,-cba,,67,D2h^21,-A 2 2c,A e m m,A 2/e 2/m 2/m,,A,2e,2m,2m,,2,e,2,m,2,m
320,5,bca,,67,D2h^21,-B 2 2c,B m e m,B 2/m 2/e 2/m,,B,2m,2e,2m,,2,m,2,e,2,m
321,6,a-cb,,67,D2h^21,-B 2c 2,B m e m,B 2/m 2/e 2/m,,B,2m,2e,2m,,2,m,2,e,2,m
322,1,1,,68,D2h^22,C 2 2 -1bc,C c c e,C 2/c 2/c 2/e,,C,2c,2c,2e,,2,c,2,c,2,e
323,2,2,,68,D2h^22,-C 2b 2bc,C c c e,C 2/c 2/c 2/e,,C,2c,2c,2e,,2,c,2,c,2,e
324,3,1ba-c,,68,D2h^22,C 2 2 -1bc,C c c e,C 2/c 2/c 2/e,,C,2c,2c,2e,,2,c,2,c,2,e
325,4,2ba-c,,68,D2h^22,-C 2b 2c,C c c e,C 2/c 2/c 2/e,,C,2c,2c,2e,,2,c,2,c,2,e
326,5,1cab,,68,D2h^22,A 2 2 -1ac,A e a a,A 2/e 2/a 2/a,,A,2e,2a,2a,,2,e,2,a,2,a
327,6,2cab,,68,D2h^22,-A 2a 2c,A e a a,A 2/e 2/a 2/a,,A,2e,2a,2a,,2,e,2,a,2,a
328,7,1-cba,,68,D2h^22,A 2 2 -1ac,A e a a,A 2/e 2/a 2/a,,A,2e,2a,2a,,2,e,2,a,2,a
329,8,2-cba,,68,D2h^22,-A 2ac 2c,A e a a,A 2/e 2/a 2/a,,A,2e,2a,2a,,2,e,2,a,2,a
330,9,1bca,,68,D2h^22,B 2 2 -1bc,B b e b,B 2/b 2/e 2/b,,B,2b,2e,2b,,2,b,2,e,2,b
331,10,2bca,,68,D2h^22,-B 2bc 2b,B b c b,B 2/b 2/e 2/b,,B,2b,2e,2b,,2,b,2,e,2,b
332,11,1a-cb,,68,D2h^22,B 2 2 -1bc,B b e b,B 2/b 2/e 2/b,,B,2b,2e,2b,,2,b,2,e,2,b
333,12,2a-cb,,68,D2h^22,-B 2b 2bc,B b e b,B 2/b 2/e 2/b,,B,2b,2e,2b,,2,b,2,e,2,b
334,1,,,69,D2h^23,-F 2 2,F m m m,F 2/m 2/m 2/m,,F,2m,2m,2m,,2,m,2,m,2,m
335,1,1,,70,D2h^24,F 2 2 -1d,F d d d,F 2/d 2/d 2/d,,F,2d,2d,2d,,2,d,2,d,2,d
336,2,2,,70,D2h^24,-F 2uv 2vw,F d d d,F 2/d 2/d 2/d,,F,2d,2d,2d,,2,d,2,d,2,d
337,1,,,71,D2h^25,-I 2 2,I m m m,I 2/m 2/m 2/m,,I,2m,2m,2m,,2,m,2,m,2,m
338,1,,,72,D2h^26,-I 2 2c,I b a m,I 2/b 2/a 2/m,,I,2b,2a,2m,,2,b,2,a,2,m
339,2,cab,,72,D2h^26,-I 2a 2,I m c b,I 2/m 2/c 2/b,,I,2m,2c,2b,,2,m,2,c,2,b
340,3,bca,,72,D2h^26,-I 2b 2b,I c m a,I 2/c 2/m 2/a,,I,2c,2m,2a,,2,c,2,m,2,a
341,1,,,73,D2h^27,-I 2b 2c,I b c a,I 2/b 2/c 2/a,,I,2b,2c,2a,,2,b,2,c,2,a
342,2,ba-c,,73,D2h^27,-I 2a 2b,I c a b,I 2/c 2/a 2/b,,I,2c,2a,2b,,2,c,2,a,2,b
343,1,,,74,D2h^28,-I 2b 2,I m m a,I 2/m 2/m 2/a,,I,2m,2m,2a,,2,m,2,m,2,a
344,2,ba-c,,74,D2h^28,-I 2a 2a,I m m b,I 2/m 2/m 2/b,,I,2m,2m,2b,,2,m,2,m,2,b
345,3,cab,,74,D2h^28,-I 2c 2c,I b m m,I 2/b 2/m 2/m,,I,2b,2m,2m,,2,b,2,m,2,m
346,4,-cba,,74,D2h^28,-I 2 2b,I c m m,I 2/c 2/m 2/m,,I,2c,2m,2m,,2,c,2,m,2,m
347,5,bca,,74,D2h^28,-I 2 2a,I m c m,I 2/m 2/c 2/m,,I,2m,2c,2m,,2,m,2,c,2,m
348,6,a-cb,,74,D2h^28,-I 2c 2,I m a m,I 2/m 2/a 2/m,,I,2m,2a,2m,,2,m,2,a,2,m
349,1,,,75,C4^1,P 4,P 4,P 4,,P,4,1,1,,4,,1,,1,
350,1,,,76,C4^2,P 4w,P 4_1,P 4_1,,P,4s1,1,1,,4s1,,1,,1,
351,1,,,77,C4^3,P 4c,P 4_2,P 4_2,,P,4s2,1,1,,4s2,,1,,1,
352,1,,,78,C4^4,P 4cw,P 4_3,P 4_3,,P,4s3,1,1,,4s3,,1,,1,
353,1,,,79,C4^5,I 4,I 4,I 4,,I,4,1,1,,4,,1,,1,
354,1,,,80,C4^6,I 4bw,I 4_1,I 4_1,,I,4s1,1,1,,4s1,,1,,1,
355,1,,,81,S4^1,P -4,P -4,P -4,,P,-4,1,1,,-4,,1,,1,
356,1,,,82,S4^2,I -4,I -4,I -4,,I,-4,1,1,,-4,,1,,1,
357,1,,,83,C4h^1,-P 4,P 4/m,P 4/m,,P,4m,1,1,,4,m,1,,1,
358,1,,,84,C4h^2,-P 4c,P 4_2/m,P 4_2/m,,P,4s2m,1,1,,4s2,m,1,,1,
359,1,1,,85,C4h^3,P 4ab -1ab,P 4/n,P 4/n,,P,4n,1,1,,4,n,1,,1,
360,2,2,,85,C4h^3,-P 4a,P 4/n,P 4/n,,P,4n,1,1,,4,n,1,,1,
361,1,1,,86,C4h^4,P 4n -1n,P 4_2/n,P 4_2/n,,P,4s2n,1,1,,4s2,n,1,,1,
362,2,2,,86,C4h^4,-P 4bc,P 4_2/n,P 4_2/n,,P,4s2n,1,1,,4s2,n,1,,1,
363,1,,,87,C4h^5,-I 4,I 4/m,I 4/m,,I,4m,1,1,,4,m,1,,1,
364,1,1,,88,C4h^6,I 4bw -1bw,I 4_1/a,I 4_1/a,,I,4s1a,1,1,,4s1,a,1,,1,
365,2,2,,88,C4h^6,-I 4ad,I 4_1/a,I 4_1/a,,I,4s1a,1,1,,4s1,a,1,,1,
366,1,,,89,D4^1,P 4 2,P 4 2 2,P 4 2 2,,P,4,2,2,,4,,2,,2,
367,1,,,90,D4^2,P 4ab 2ab,P 4 2_1 2,P 4 2_1 2,,P,4,2s1,2,,4,,2s1,,2,
368,1,,,91,D4^3,P 4w 2c,P 4_1 2 2,P 4_1 2 2,,P,4s1,2,2,,4s1,,2,,2,
369,1,,,92,D4^4,P 4abw 2nw,P 4_1 2_1 2,P 4_1 2_1 2,,P,4s1,2s1,2,,4s1,,2s1,,2,
370,1,,,93,D4^5,P 4c 2,P 4_2 2 2,P 4_2 2 2,,P,4s2,2,2,,4s2,,2,,2,
371,1,,,94,D4^6,P 4n 2n,P 4_2 2_1 2,P 4_2 2_1 2,,P,4s2,2s1,2,,4s2,,2s1,,2,
372,1,,,95,D4^7,P 4cw 2c,P 4_3 2 2,P 4_3 2 2,,P,4s3,2,2,,4s3,,2,,2,
373,1,,,96,D4^8,P 4nw 2abw,P 4_3 2_1 2,P 4_3 2_1 2,,P,4s3,2s1,2,,4s3,,2s1,,2,
374,1,,,97,D4^9,I 4 2,I 4 2 2,I 4 2 2,,I,4,2,2,,4,,2,,2,
375,1,,,98,D4^10,I 4bw 2bw,I 4_1 2 2,I 4_1 2 2,,I,4s1,2,2,,4s1,,2,,2,
376,1,,,99,C4v^1,P 4 -2,P 4 m m,P 4 m m,,P,4,m,m,,4,,,m,,m
377,1,,,100,C4v^2,P 4 -2ab,P 4 b m,P 4 b m,,P,4,b,m,,4,,,b,,m
378,1,,,101,C4v^3,P 4c -2c,P 4_2 c m,P 4_2 c m,,P,4s2,c,m,,4s2,,,c,,m
379,1,,,102,C4v^4,P 4n -2n,P 4_2 n m,P 4_2 n m,,P,4s2,n,m,,4s2,,,n,,m
380,1,,,103,C4v^5,P 4 -2c,P 4 c c,P 4 c c,,P,4,c,c,,4,,,c,,c
381,1,,,104,C4v^6,P 4 -2n,P 4 n c,P 4 n c,,P,4,n,c,,4,,,n,,c
382,1,,,105,C4v^7,P 4c -2,P 4_2 m c,P 4_2 m c,,P,4s2,m,c,,4s2,,,m,,c
383,1,,,106,C4v^8,P 4c -2ab,P 4_2 b c,P 4_2 b c,,P,4s2,b,c,,4s2,,,b,,c
384,1,,,107,C4v^9,I 4 -2,I 4 m m,I 4 m m,,I,4,m,m,,4,,,m,,m
385,1,,,108,C4v^10,I 4 -2c,I 4 c m,I 4 c m,,I,4,c,m,,4,,,c,,m
386,1,,,109,C4v^11,I 4bw -2,I 4_1 m d,I 4_1 m d,,I,4s1,m,d,,4s1,,,m,,d
387,1,,,110,C4v^12,I 4bw -2c,I 4_1 c d,I 4_1 c d,,I,4s1,c,d,,4s1,,,c,,d
388,1,,,111,D2d^1,P -4 2,P -4 2 m,P -4 2 m,,P,-4,2,m,,-4,,2,,,m
389,1,,,112,D2d^2,P -4 2c,P -4 2 c,P -4 2 c,,P,-4,2,c,,-4,,2,,,c
390,1,,,113,D2d^3,P -4 2ab,P -4 2_1 m,P -4 2_1 m,,P,-4,2s1,m,,-4,,2s1,,,m
391,1,,,114,D2d^4,P -4 2n,P -4 2_1 c,P -4 2_1 c,,P,-4,2s1,c,,-4,,2s1,,,c
392,1,,,115,D2d^5,P -4 -2,P -4 m 2,P -4 m 2,,P,-4,m,2,,-4,,,m,2,
393,1,,,116,D2d^6,P -4 -2c,P -4 c 2,P -4 c 2,,P,-4,c,2,,-4,,,c,2,
394,1,,,117,D2d^7,P -4 -2ab,P -4 b 2,P -4 b 2,,P,-4,b,2,,-4,,,b,2,
395,1,,,118,D2d^8,P -4 -2n,P -4 n 2,P -4 n 2,,P,-4,n,2,,-4,,,n,2,
396,1,,,119,D2d^9,I -4 -2,I -4 m 2,I -4 m 2,,I,-4,m,2,,-4,,,m,2,
397,1,,,120,D2d^10,I -4 -2c,I -4 c 2,I -4 c 2,,I,-4,c,2,,-4,,,c,2,
398,1,,,121,D2d^11,I -4 2,I -4 2 m,I -4 2 m,,I,-4,2,m,,-4,,2,,,m
399,1,,,122,D2d^12,I -4 2bw,I -4 2 d,I -4 2 d,,I,-4,2,d,,-4,,2,,,d
400,1,,,123,D4h^1,-P 4 2,P 4/m m m,P 4/m 2/m 2/m,,P,4m,2m,2m,,4,m,2,m,2,m
401,1,,,124,D4h^2,-P 4 2c,P 4/m c c,P 4/m 2/c 2/c,,P,4m,2c,2c,,4,m,2,c,2,c
402,1,1,,125,D4h^3,P 4 2 -1ab,P 4/n b m,P 4/n 2/b 2/m,,P,4n,2b,2m,,4,n,2,b,2,m
403,2,2,,125,D4h^3,-P 4a 2b,P 4/n b m,P 4/n 2/b 2/m,,P,4n,2b,2m,,4,n,2,b,2,m
404,1,1,,126,D4h^4,P 4 2 -1n,P 4/n n c,P 4/n 2/n 2/c,,P,4n,2n,2c,,4,n,2,n,2,c
405,2,2,,126,D4h^4,-P 4a 2bc,P 4/n n c,P 4/n 2/n 2/c,,P,4n,2n,2c,,4,n,2,n,2,c
406,1,,,127,D4h^5,-P 4 2ab,P 4/m b m,P 4/m 2_1/b m,,P,4m,2s1b,m,,4,m,2s1,b,,m
407,1,,,128,D4h^6,-P 4 2n,P 4/m n c,P 4/m 2_1/n c,,P,4m,2s1n,c,,4,m,2s1,n,,c
408,1,1,,129,D4h^7,P 4ab 2ab -1ab,P 4/n m m,P 4/n 2_1/m m,,P,4n,2s1m,m,,4,n,2s1,m,,m
409,2,2,,129,D4h^7,-P 4a 2a,P 4/n m m,P 4/n 2_1/m m,,P,4n,2s1m,m,,4,n,2s1,m,,m
410,1,1,,130,D4h^8,P 4ab 2n -1ab,P 4/n c c,P 4/n 2_1/c c,,P,4n,2s1c,c,,4,n,2s1,c,,c
411,2,2,,130,D4h^8,-P 4a 2ac,P 4/n c c,P 4/n 2_1/c c,,P,4n,2s1c,c,,4,n,2s1,c,,c
412,1,,,131,D4h^9,-P 4c 2,P 4_2/m m c,P 4_2/m 2/m 2/c,,P,4s2m,2m,2c,,4s2,m,2,m,2,c
413,1,,,132,D4h^10,-P 4c 2c,P 4_2/m c m,P 4_2/m 2/c 2/m,,P,4s2m,2c,2m,,4s2,m,2,c,2,m
414,1,1,,133,D4h^11,P 4n 2c -1n,P 4_2/n b c,P 4_2/n 2/b 2/c,,P,4s2n,2b,2c,,4s2,n,2,b,2,c
415,2,2,,133,D4h^11,-P 4ac 2b,P 4_2/n b c,P 4_2/n 2/b 2/c,,P,4s2n,2b,2c,,4s2,n,2,b,2,c
416,1,1,,134,D4h^12,P 4n 2 -1n,P 4_2/n n m,P 4_2/n 2/n 2/m,,P,4s2n,2n,2m,,4s2,n,2,n,2,m
417,2,2,,134,D4h^12,-P 4ac 2bc,P 4_2/n n m,P 4_2/n 2/n 2/m,,P,4s2n,2n,2m,,4s2,n,2,n,2,m
418,1,,,135,D4h^13,-P 4c 2ab,P 4_2/m b c,P 4_2/m 2_1/b 2/c,,P,4s2m,2s1b,2c,,4s2,m,2s1,b,2,c
419,1,,,136,D4h^14,-P 4n 2n,P 4_2/m n m,P 4_2/m 2_1/n 2/m,,P,4s2m,2s1n,2m,,4s2,m,2s1,n,2,m
420,1,1,,137,D4h^15,P 4n 2n -1n,P 4_2/n m c,P 4_2/n 2_1/m 2/c,,P,4s2n,2s1m,2c,,4s2,n,2s1,m,2,c
421,2,2,,137,D4h^15,-P 4ac 2a,P 4_2/n m c,P 4_2/n 2_1/m 2/c,,P,4s2n,2s1m,2c,,4s2,n,2s1,m,2,c
422,1,1,,138,D4h^16,P 4n 2ab -1n,P 4_2/n c m,P 4_2/n 2_1/c 2/m,,P,4s2n,2s1c,2m,,4s2,n,2s1,c,2,m
423,2,2,,138,D4h^16,-P 4ac 2ac,P 4_2/n c m,P 4_2/n 2_1/c 2/m,,P,4s2n,2s1c,2m,,4s2,n,2s1,c,2,m
424,1,,,139,D4h^17,-I 4 2,I 4/m m m,I 4/m 2/m 2/m,,I,4m,2m,2m,,4,m,2,m,2,m
425,1,,,140,D4h^18,-I 4 2c,I 4/m c m,I 4/m 2/c 2/m,,I,4m,2c,2m,,4,m,2,c,2,m
426,1,1,,141,D4h^19,I 4bw 2bw -1bw,I 4_1/a m d,I 4_1/a 2/m 2/d,,I,4s1a,2m,2d,,4s1,a,2,m,2,d
427,2,2,,141,D4h^19,-I 4bd 2,I 4_1/a m d,I 4_1/a 2/m 2/d,,I,4s1a,2m,2d,,4s1,a,2,m,2,d
428,1,1,,142,D4h^20,I 4bw 2aw -1bw,I 4_1/a c d,I 4_1/a 2/c 2/d,,I,4s1a,2c,2d,,4s1,a,2,c,2,d
429,2,2,,142,D4h^20,-I 4bd 2c,I 4_1/a c d,I 4_1/a 2/c 2/d,,I,4s1a,2c,2d,,4s1,a,2,c,2,d
430,1,,,143,C3^1,P 3,P 3,P 3,,P,3,1,1,,3,,1,,1,
431,1,,,144,C3^2,P 31,P 3_1,P 3_1,,P,3s1,1,1,,3s1,,1,,1,
432,1,,,145,C3^3,P 32,P 3_2,P 3_2,,P,3s2,1,1,,3s2,,1,,1,
433,1,H,,146,C3^4,R 3,R 3,R 3,,R,3,1,1,,3,,1,,1,
434,2,R,,146,C3^4,P 3*,R 3,R 3,,R,3,1,1,,3,,1,,1,
435,1,,,147,C3i^1,-P 3,P -3,P -3,,P,-3,1,1,,-3,,1,,1,
436,1,H,,148,C3i^2,-R 3,R -3,R -3,,R,-3,1,1,,-3,,1,,1,
437,2,R,,148,C3i^2,-P 3*,R -3,R -3,,R,-3,1,1,,-3,,1,,1,
438,1,,,149,D3^1,P 3 2,P 3 1 2,P 3 1 2,,P,3,1,2,,3,,1,,2,
439,1,,,150,D3^2,P 3 2=,P 3 2 1,P 3 2 1,,P,3,2,1,,3,,2,,1,
440,1,,,151,D3^3,P 31 2c (0 0 1),P 3_1 1 2,P 3_1 1 2,,P,3s1,1,2,,3s1,,1,,2,
441,1,,,152,D3^4,P 31 2=,P 3_1 2 1,P 3_1 2 1,,P,3s1,2,1,,3s1,,2,,1,
442,1,,,153,D3^5,P 32 2c (0 0 -1),P 3_2 1 2,P 3_2 1 2,,P,3s2,1,2,,3s2,,1,,2,
443,1,,,154,D3^6,P 32 2=,P 3_2 2 1,P 3_2 2 1,,P,3s2,2,1,,3s2,,2,,1,
444,1,H,,155,D3^7,R 3 2=,R 3 2,R 3 2,,R,3,2,1,,3,,2,,1,
445,2,R,,155,D3^7,P 3* 2,R 3 2,R 3 2,,R,3,2,1,,3,,2,,1,
446,1,,,156,C3v^1,P 3 -2=,P 3 m 1,P 3 m 1,,P,3,m,1,,3,,,m,1,
447,1,,,157,C3v^2,P 3 -2,P 3 1 m,P 3 1 m,,P,3,1,m,,3,,1,,,m
448,1,,,158,C3v^3,P 3 -2=c,P 3 c 1,P 3 c 1,,P,3,c,1,,3,,,c,1,
449,1,,,159,C3v^4,P 3 -2c,P 3 1 c,P 3 1 c,,P,3,1,c,,3,,1,,,c
450,1,H,,160,C3v^5,R 3 -2=,R 3 m,R 3 m,,R,3,m,1,,3,,,m,1,
451,2,R,,160,C3v^5,P 3* -2,R 3 m,R 3 m,,R,3,m,1,,3,,,m,1,
452,1,H,,161,C3v^6,R 3 -2=c,R 3 c,R 3 c,,R,3,c,1,,3,,,c,1,
453,2,R,,161,C3v^6,P 3* -2n,R 3 c,R 3 c,,R,3,c,1,,3,,,c,1,
454,1,,,162,D3d^1,-P 3 2,P -3 1 m,P -3 1 2/m,,P,-3,1,2m,,-3,,1,,2,m
455,1,,,163,D3d^2,-P 3 2c,P -3 1 c,P -3 1 2/c,,P,-3,1,2c,,-3,,1,,2,c
456,1,,,164,D3d^3,-P 3 2=,P -3 m 1,P -3 2/m 1,,P,-3,2m,1,,-3,,2,m,1,
457,1,,,165,D3d^4,-P 3 2=c,P -3 c 1,P -3 2/c 1,,P,-3,2c,1,,-3,,2,c,1,
458,1,H,,166,D3d^5,-R 3 2=,R -3 m,R -3 2/m,,R,-3,2m,1,,-3,,2,m,1,
459,2,R,,166,D3d^5,-P 3* 2,R -3 m,R -3 2/m,,R,-3,2m,1,,-3,,2,m,1,
460,1,H,,167,D3d^6,-R 3 2=c,R -3 c,R -3 2/c,,R,-3,2c,1,,-3,,2,c,1,
461,2,R,,167,D3d^6,-P 3* 2n,R -3 c,R -3 2/c,,R,-3,2c,1,,-3,,2,c,1,
462,1,,,168,C6^1,P 6,P 6,P 6,,P,6,1,1,,6,,1,,1,
463,1,,,169,C6^2,P 61,P 6_1,P 6_1,,P,6s1,1,1,,6s1,,1,,1,
464,1,,,170,C6^3,P 65,P 6_5,P 6_5,,P,6s5,1,1,,6s5,,1,,1,
465,1,,,171,C6^4,P 62,P 6_2,P 6_2,,P,6s2,1,1,,6s2,,1,,1,
466,1,,,172,C6^5,P 64,P 6_4,P 6_4,,P,6s4,1,1,,6s4,,1,,1,
467,1,,,173,C6^6,P 6c,P 6_3,P 6_3,,P,6s3,1,1,,6s3,,1,,1,
468,1,,,174,C3h^1,P -6,P -6,P -6,,P,-6,1,1,,-6,,1,,1,
469,1,,,175,C6h^1,-P 6,P 6/m,P 6/m,,P,6m,1,1,,6,m,1,,1,
470,1,,,176,C6h^2,-P 6c,P 6_3/m,P 6_3/m,,P,6s3m,1,1,,6s3,m,1,,1,
471,1,,,177,D6^1,P 6 2,P 6 2 2,P 6 2 2,,P,6,2,2,,6,,2,,2,
472,1,,,178,D6^2,P 61 2 (0 0 -1),P 6_1 2 2,P 6_1 2 2,,P,6s1,2,2,,6s1,,2,,2,
473,1,,,179,D6^3,P 65 2 (0 0 1),P 6_5 2 2,P 6_5 2 2,,P,6s5,2,2,,6s5,,2,,2,
474,1,,,180,D6^4,P 62 2c (0 0 1),P 6_2 2 2,P 6_2 2 2,,P,6s2,2,2,,6s2,,2,,2,
475,1,,,181,D6^5,P 64 2c (0 0 -1),P 6_4 2 2,P 6_4 2 2,,P,6s4,2,2,,6s4,,2,,2,
476,1,,,182,D6^6,P 6c 2c,P 6_3 2 2,P 6_3 2 2,,P,6s3,2,2,,6s3,,2,,2,
477,1,,,183,C6v^1,P 6 -2,P 6 m m,P 6 m m,,P,6,m,m,,6,,,m,,m
478,1,,,184,C6v^2,P 6 -2c,P 6 c c,P 6 c c,,P,6,c,c,,6,,,c,,c
479,1,,,185,C6v^3,P 6c -2,P 6_3 c m,P 6_3 c m,,P,6s3,c,m,,6s3,,,c,,m
480,1,,,186,C6v^4,P 6c -2c,P 6_3 m c,P 6_3 m c,,P,6s3,m,c,,6s3,,,m,,c
481,1,,,187,D3h^1,P -6 2,P -6 m 2,P -6 m 2,,P,-6,m,2,,-6,,,m,2,
482,1,,,188,D3h^2,P -6c 2,P -6 c 2,P -6 c 2,,P,-6,c,2,,-6,,,c,2,
483,1,,,189,D3h^3,P -6 -2,P -6 2 m,P -6 2 m,,P,-6,2,m,,-6,,2,,,m
484,1,,,190,D3h^4,P -6c -2c,P -6 2 c,P -6 2 c,,P,-6,2,c,,-6,,2,,,c
485,1,,,191,D6h^1,-P 6 2,P 6/m m m,P 6/m 2/m 2/m,,P,6m,2m,2m,,6,m,2,m,2,m
486,1,,,192,D6h^2,-P 6 2c,P 6/m c c,P 6/m 2/c 2/c,,P,6m,2c,2c,,6,m,2,c,2,c
487,1,,,193,D6h^3,-P 6c 2,P 6_3/m c m,P 6_3/m 2/c 2/m,,P,6s3m,2c,2m,,6s3,m,2,c,2,m
488,1,,,194,D6h^4,-P 6c 2c,P 6_3/m m c,P 6_3/m 2/m 2/c,,P,6s3m,2m,2c,,6s3,m,2,m,2,c
489,1,,,195,T^1,P 2 2 3,P 2 3,P 2 3,,P,2,3,1,,2,,3,,1,
490,1,,,196,T^2,F 2 2 3,F 2 3,F 2 3,,F,2,3,1,,2,,3,,1,
491,1,,,197,T^3,I 2 2 3,I 2 3,I 2 3,,I,2,3,1,,2,,3,,1,
492,1,,,198,T^4,P 2ac 2ab 3,P 2_1 3,P 2_1 3,,P,2s1,3,1,,2s1,,3,,1,
493,1,,,199,T^5,I 2b 2c 3,I 2_1 3,I 2_1 3,,I,2s1,3,1,,2s1,,3,,1,
494,1,,,200,Th^1,-P 2 2 3,P m 3,P 2/m -3,,P,2m,-3,1,,2,m,-3,,1,
495,1,1,,201,Th^2,P 2 2 3 -1n,P n 3,P 2/n -3,,P,2n,-3,1,,2,n,-3,,1,
496,2,2,,201,Th^2,-P 2ab 2bc 3,P n 3,P 2/n -3,,P,2n,-3,1,,2,n,-3,,1,
497,1,,,202,Th^3,-F 2 2 3,F m 3,F 2/m -3,,F,2m,-3,1,,2,m,-3,,1,
498,1,1,,203,Th^4,F 2 2 3 -1d,F d 3,F 2/d -3,,F,2d,-3,1,,2,d,-3,,1,
499,2,2,,203,Th^4,-F 2uv 2vw 3,F d 3,F 2/d -3,,F,2d,-3,1,,2,d,-3,,1,
500,1,,,204,Th^5,-I 2 2 3,I m 3,I 2/m -3,,I,2m,-3,1,,2,m,-3,,1,
501,1,,,205,Th^6,-P 2ac 2ab 3,P a 3,P 2_1/a -3,,P,2s1a,-3,1,,2s1,a,-3,,1,
502,1,,,206,Th^7,-I 2b 2c 3,I a 3,I 2_1/a -3,,I,2s1a,-3,1,,2s1,a,-3,,1,
503,1,,,207,O^1,P 4 2 3,P 4 3 2,P 4 3 2,,P,4,3,2,,4,,3,,2,
504,1,,,208,O^2,P 4n 2 3,P 4_2 3 2,P 4_2 3 2,,P,4s2,3,2,,4s2,,3,,2,
505,1,,,209,O^3,F 4 2 3,F 4 3 2,F 4 3 2,,F,4,3,2,,4,,3,,2,
506,1,,,210,O^4,F 4d 2 3,F 4_1 3 2,F 4_1 3 2,,F,4s1,3,2,,4s1,,3,,2,
507,1,,,211,O^5,I 4 2 3,I 4 3 2,I 4 3 2,,I,4,3,2,,4,,3,,2,
508,1,,,212,O^6,P 4acd 2ab 3,P 4_3 3 2,P 4_3 3 2,,P,4s3,3,2,,4s3,,3,,2,
509,1,,,213,O^7,P 4bd 2ab 3,P 4_1 3 2,P 4_1 3 2,,P,4s1,3,2,,4s1,,3,,2,
510,1,,,214,O^8,I 4bd 2c 3,I 4_1 3 2,I 4_1 3 2,,I,4s1,3,2,,4s1,,3,,2,
511,1,,,215,Td^1,P -4 2 3,P -4 3 m,P -4 3 m,,P,-4,3,m,,-4,,3,,,m
512,1,,,216,Td^2,F -4 2 3,F -4 3 m,F -4 3 m,,F,-4,3,m,,-4,,3,,,m
513,1,,,217,Td^3,I -4 2 3,I -4 3 m,I -4 3 m,,I,-4,3,m,,-4,,3,,,m
514,1,,,218,Td^4,P -4n 2 3,P -4 3 n,P -4 3 n,,P,-4,3,n,,-4,,3,,,n
515,1,,,219,Td^5,F -4c 2 3,F -4 3 c,F -4 3 c,,F,-4,3,c,,-4,,3,,,c
516,1,,,220,Td^6,I -4bd 2c 3,I -4 3 d,I -4 3 d,,I,-4,3,d,,-4,,3,,,d
517,1,,,221,Oh^1,-P 4 2 3,P m -3 m,P 4/m -3 2/m,,P,4m,-3,2m,,4,m,-3,,2,m
518,1,1,,222,Oh^2,P 4 2 3 -1n,P n -3 n,P 4/n -3 2/n,,P,4n,-3,2n,,4,n,-3,,2,n
519,2,2,,222,Oh^2,-P 4a 2bc 3,P n -3 n,P 4/n -3 2/n,,P,4n,-3,2n,,4,n,-3,,2,n
520,1,,,223,Oh^3,-P 4n 2 3,P m -3 n,P 4_2/m -3 2/n,,P,4s2m,-3,2n,,4s2,m,-3,,2,n
521,1,1,,224,Oh^4,P 4n 2 3 -1n,P n -3 m,P 4_2/n -3 2/m,,P,4s2n,-3,2m,,4s2,n,-3,,2,m
522,2,2,,224,Oh^4,-P 4bc 2bc 3,P n -3 m,P 4_2/n -3 2/m,,P,4s2n,-3,2m,,4s2,n,-3,,2,m
523,1,,,225,Oh^5,-F 4 2 3,F m -3 m,F 4/m -3 2/m,,F,4m,-3,2m,,4,m,-3,,2,m
524,1,,,226,Oh^6,-F 4c 2 3,F m -3 c,F 4/m -3 2/c,,F,4m,-3,2c,,4,m,-3,,2,c
525,1,1,,227,Oh^7,F 4d 2 3 -1d,F d -3 m,F 4_1/d -3 2/m,,F,4s1d,-3,2m,,4s1,d,-3,,2,m
526,2,2,,227,Oh^7,-F 4vw 2vw 3,F d -3 m,F 4_1/d -3 2/m,,F,4s1d,-3,2m,,4s1,d,-3,,2,m
527,1,1,,228,Oh^8,F 4d 2 3 -1cd,F d -3 c,F 4_1/d -3 2/c,,F,4s1d,-3,2c,,4s1,d,-3,,2,c
528,2,2,,228,Oh^8,-F 4cvw 2vw 3,F d -3 c,F 4_1/d -3 2/c,,F,4s1d,-3,2c,,4s1,d,-3,,2,c
529,1,,,229,Oh^9,-I 4 2 3,I m -3 m,I 4/m -3 2/m,,I,4m,-3,2m,,4,m,-3,,2,m
530,1,,,230,Oh^10,-I 4bd 2c 3,I a -3 d,I 4_1/a -3 2/d,,I,4s1a,-3,2d,,4s1,a,-3,,2,d
